-- phpMyAdmin SQL Dump
-- version 4.0.4.1
-- http://www.phpmyadmin.net
--
-- Host: 127.0.0.1
-- Generation Time: Jan 16, 2014 at 06:15 PM
-- Server version: 5.6.11
-- PHP Version: 5.5.3

SET SQL_MODE = "NO_AUTO_VALUE_ON_ZERO";
SET time_zone = "+00:00";


/*!40101 SET @OLD_CHARACTER_SET_CLIENT=@@CHARACTER_SET_CLIENT */;
/*!40101 SET @OLD_CHARACTER_SET_RESULTS=@@CHARACTER_SET_RESULTS */;
/*!40101 SET @OLD_COLLATION_CONNECTION=@@COLLATION_CONNECTION */;
/*!40101 SET NAMES utf8 */;

--
-- Database: `station_reads`
--
CREATE DATABASE IF NOT EXISTS `station_reads` DEFAULT CHARACTER SET latin1 COLLATE latin1_swedish_ci;
USE `station_reads`;

-- --------------------------------------------------------

--
-- Table structure for table `station`
--

CREATE TABLE IF NOT EXISTS `station` (
  `station_id` int(11) NOT NULL AUTO_INCREMENT,
  `station_name` varchar(45) NOT NULL,
  PRIMARY KEY (`station_id`),
  UNIQUE KEY `station_name_UNIQUE` (`station_name`)
) ENGINE=InnoDB  DEFAULT CHARSET=latin1 AUTO_INCREMENT=25 ;

--
-- Dumping data for table `station`
--

INSERT INTO `station` (`station_id`, `station_name`) VALUES
(15, 'Bremen'),
(7, 'Buck Creek'),
(23, 'Center Point'),
(4, 'Clem'),
(3, 'Flatrock'),
(21, 'Hickory Level'),
(20, 'Honda Lock'),
(2, 'Jonesville'),
(8, 'Mooselodge'),
(13, 'Morgan Road'),
(9, 'North Carrollton'),
(17, 'North Mount Zion'),
(10, 'Oak Mountain'),
(11, 'Roopville'),
(24, 'Roses Store'),
(6, 'Sandhill'),
(22, 'South Buchanan'),
(19, 'South Tallapoosa'),
(16, 'South Waco'),
(1, 'Tisinger'),
(5, 'Tyus'),
(12, 'West Villa Rica'),
(18, 'Yorkville'),
(14, 'Youngs Station');

-- --------------------------------------------------------

--
-- Table structure for table `station_breaker`
--

CREATE TABLE IF NOT EXISTS `station_breaker` (
  `breaker_id` int(11) NOT NULL AUTO_INCREMENT,
  `breaker_station_id` int(11) NOT NULL,
  `breaker_name` varchar(45) NOT NULL,
  `breaker_mult_header` int(11) DEFAULT NULL,
  `breaker_has_mult` int(10) unsigned DEFAULT '0',
  `breaker_has_amp` int(10) unsigned DEFAULT '0',
  PRIMARY KEY (`breaker_id`),
  UNIQUE KEY `breaker_id_UNIQUE` (`breaker_id`),
  UNIQUE KEY `breaker_name_UNIQUE` (`breaker_name`),
  KEY `fk_bsid_station_id_idx` (`breaker_station_id`)
) ENGINE=InnoDB  DEFAULT CHARSET=latin1 AUTO_INCREMENT=91 ;

--
-- Dumping data for table `station_breaker`
--

INSERT INTO `station_breaker` (`breaker_id`, `breaker_station_id`, `breaker_name`, `breaker_mult_header`, `breaker_has_mult`, `breaker_has_amp`) VALUES
(1, 1, 'C011', NULL, 0, 1),
(2, 1, 'C012', NULL, 0, 1),
(3, 1, 'C014', NULL, 0, 1),
(4, 1, 'C015', NULL, 0, 1),
(5, 2, 'C051', NULL, 0, 1),
(6, 2, 'C052', NULL, 0, 1),
(7, 2, 'C054', NULL, 0, 1),
(8, 3, 'C081', NULL, 0, 1),
(9, 3, 'C082', NULL, 0, 1),
(10, 3, 'C083', 40, 1, 0),
(11, 3, 'C084', 40, 1, 0),
(12, 3, 'C085', 40, 1, 0),
(13, 4, 'C061', NULL, 0, 1),
(14, 4, 'C062', 80, 1, 1),
(15, 4, 'C063', NULL, 0, 1),
(16, 4, 'C064', NULL, 0, 1),
(17, 4, 'C065', NULL, 0, 1),
(18, 4, 'C066', NULL, 0, 1),
(19, 5, 'C091', NULL, 0, 1),
(20, 5, 'C092', NULL, 0, 1),
(21, 5, 'C093', NULL, 0, 1),
(22, 5, 'C094', NULL, 0, 1),
(23, 5, 'C095', NULL, 0, 1),
(24, 6, 'C101', 40, 1, 0),
(25, 6, 'C102', 60, 1, 0),
(26, 6, 'C103', 60, 1, 0),
(27, 6, 'C104', 100, 1, 0),
(28, 7, 'C148', 120, 1, 1),
(29, 8, 'C151', NULL, 0, 1),
(30, 8, 'C152', NULL, 0, 1),
(31, 8, 'C153', NULL, 0, 1),
(32, 8, 'C154', NULL, 0, 1),
(33, 8, 'C155', NULL, 0, 1),
(34, 9, 'C121', NULL, 0, 1),
(35, 9, 'C122', NULL, 0, 1),
(36, 9, 'C123', NULL, 0, 1),
(37, 9, 'C124', NULL, 0, 1),
(38, 9, 'C125', NULL, 0, 1),
(39, 10, 'C161', 100, 1, 1),
(40, 10, 'C162', NULL, 0, 1),
(41, 10, 'C163', NULL, 0, 1),
(42, 10, 'C164', NULL, 0, 1),
(43, 11, 'C172', NULL, 0, 1),
(44, 11, 'C173', NULL, 0, 1),
(45, 12, 'C021', 80, 1, 0),
(46, 12, 'C022', 80, 1, 0),
(47, 12, 'C023', 80, 1, 0),
(48, 12, 'C024', 80, 1, 0),
(49, 12, 'C026', NULL, 0, 1),
(50, 13, 'C182', NULL, 0, 1),
(51, 13, 'C183', NULL, 0, 1),
(52, 13, 'C184', NULL, 0, 1),
(53, 13, 'C185', NULL, 0, 1),
(54, 14, 'C192', NULL, 0, 1),
(55, 15, 'C042', NULL, 0, 1),
(56, 15, 'C043', NULL, 0, 1),
(57, 16, 'C201', NULL, 0, 1),
(58, 17, 'C071', 40, 1, 1),
(59, 17, 'C072', NULL, 0, 1),
(60, 17, 'C073', NULL, 0, 1),
(61, 17, 'C074', 40, 1, 1),
(62, 18, 'C251', NULL, 0, 1),
(63, 18, 'C252', NULL, 0, 1),
(64, 18, 'C253', NULL, 0, 1),
(65, 18, 'C254', NULL, 0, 1),
(66, 19, 'C212', NULL, 0, 1),
(67, 19, 'C213', NULL, 0, 1),
(68, 19, 'C214', NULL, 0, 1),
(69, 19, 'C215', NULL, 0, 1),
(70, 20, 'C271', NULL, 0, 1),
(71, 21, 'C281', NULL, 0, 1),
(72, 21, 'C282', NULL, 0, 1),
(73, 21, 'C283', NULL, 0, 1),
(74, 21, 'C284', NULL, 0, 1),
(75, 22, 'C221', NULL, 0, 1),
(76, 22, 'C222', NULL, 0, 1),
(77, 22, 'C223', NULL, 0, 1),
(78, 22, 'C224', NULL, 0, 1),
(79, 23, 'C261', NULL, 0, 1),
(80, 23, 'C262', NULL, 0, 1),
(81, 23, 'C263', NULL, 0, 1),
(82, 23, 'C264', NULL, 0, 1),
(83, 24, 'C242', NULL, 0, 1),
(84, 24, 'C243', NULL, 0, 1),
(85, 24, 'C244', NULL, 0, 1),
(86, 24, 'C245', NULL, 0, 1),
(87, 7, 'C141', 60, 1, 0),
(88, 7, 'C142', NULL, 0, 1),
(89, 7, 'C146', NULL, 0, 1),
(90, 7, 'C147', 80, 1, 1);

-- --------------------------------------------------------

--
-- Table structure for table `station_breaker_read`
--

CREATE TABLE IF NOT EXISTS `station_breaker_read` (
  `breaker_read_id` int(11) NOT NULL AUTO_INCREMENT,
  `read_id` int(11) NOT NULL,
  `read_date` date NOT NULL,
  `breaker_id` int(11) NOT NULL,
  `count` int(11) DEFAULT NULL,
  `a_flag` int(11) DEFAULT NULL,
  `b_flag` int(11) DEFAULT NULL,
  `c_flag` int(11) DEFAULT NULL,
  `n_flag` int(11) DEFAULT NULL,
  `battery` decimal(4,1) DEFAULT NULL,
  `a_amps` int(11) DEFAULT NULL,
  `b_amps` int(11) DEFAULT NULL,
  `c_amps` int(11) DEFAULT NULL,
  `a_mult` decimal(4,1) DEFAULT NULL,
  `b_mult` decimal(4,1) DEFAULT NULL,
  `c_mult` decimal(4,1) DEFAULT NULL,
  `comments` varchar(255) DEFAULT NULL,
  PRIMARY KEY (`breaker_read_id`),
  UNIQUE KEY `breaker_read_id_UNIQUE` (`breaker_read_id`),
  KEY `fk_bid_breaker_id_idx` (`breaker_id`),
  KEY `fk_brid_breaker_read_id_idx` (`read_id`,`read_date`),
  KEY `fk_brd_breaker_read_date_idx` (`read_date`)
) ENGINE=InnoDB  DEFAULT CHARSET=latin1 AUTO_INCREMENT=166 ;

--
-- Dumping data for table `station_breaker_read`
--

INSERT INTO `station_breaker_read` (`breaker_read_id`, `read_id`, `read_date`, `breaker_id`, `count`, `a_flag`, `b_flag`, `c_flag`, `n_flag`, `battery`, `a_amps`, `b_amps`, `c_amps`, `a_mult`, `b_mult`, `c_mult`, `comments`) VALUES
(1, 1, '2013-11-05', 55, 2222, 11, 1, 11, 11, '1.0', 11, 11, 11, '0.0', '0.0', '0.0', '11'),
(2, 1, '2013-11-05', 56, 2222, 11, 1, 11, 11, '1.0', 11, 11, 11, '0.0', '0.0', '0.0', '11'),
(3, 3, '2013-11-05', 28, 546, 5, 545, 5, 45, '99.0', 5454, 54, 6, '99.0', '54.0', '54.0', '5'),
(4, 4, '2013-11-05', 79, 546, 546546, 546, 56, 464, '99.0', 465, 46, 464, '0.0', '0.0', '0.0', '646'),
(5, 4, '2013-11-05', 80, 64, 5646, 456, 456, 456, '46.0', 654, 56, 456, '0.0', '0.0', '0.0', '464'),
(6, 4, '2013-11-05', 81, 456, 456, 456, 456, 456, '99.0', 456, 4, 5641, '0.0', '0.0', '0.0', '456'),
(7, 4, '2013-11-05', 82, 231, 314, 564, 564, 5614, '99.0', 531424, 56145, 45, '0.0', '0.0', '0.0', '641'),
(8, 5, '2013-11-05', 13, 456, 456, 456, 456, 465, '99.0', 456, 4, 231, '0.0', '0.0', '0.0', '456'),
(9, 5, '2013-11-05', 14, 23, 1456, 456, 46, 5123, '41.0', 135, 456, 153, '0.0', '56.0', '15.0', '5614'),
(10, 5, '2013-11-05', 15, 3, 145, 14, 541, 51, '99.0', 534, 534, 534, '0.0', '0.0', '0.0', '534'),
(11, 5, '2013-11-05', 16, 4564564, 56456, 4564, 56, 453, '99.0', 41, 23, 43, '0.0', '0.0', '0.0', '423'),
(12, 5, '2013-11-05', 17, 53, 45, 453, 453, 453, '99.0', 453, 4, 534, '0.0', '0.0', '0.0', '453'),
(13, 5, '2013-11-05', 18, 534, 354, 354, 53, 4, '99.0', 543543, 543543, 453453, '0.0', '0.0', '0.0', '543543'),
(14, 6, '2013-11-05', 8, 4, 564, 564, 564, 56, '4.0', 56, 456, 46, '0.0', '0.0', '0.0', '564'),
(15, 6, '2013-11-05', 9, 54, 654, 564, 65, 4, '99.0', 564, 65, 456, '0.0', '0.0', '0.0', '64'),
(16, 6, '2013-11-05', 10, 456, 4, 564, 564, 56, '99.0', 0, 0, 0, '99.0', '99.0', '56.0', '4'),
(17, 6, '2013-11-05', 11, 465, 465, 46, 54, 56, '99.0', 0, 0, 0, '4.0', '99.0', '99.0', '456'),
(18, 6, '2013-11-05', 12, 56, 456465, 456, 456, 4, '99.0', 0, 0, 0, '99.0', '65.0', '45.0', '65'),
(19, 7, '2013-11-05', 71, 7, 897, 897, 897, 897, '8.0', 45, 456, 486, '0.0', '0.0', '0.0', '456'),
(20, 7, '2013-11-05', 72, 4, 54, 564, 68, 456, '48.0', 564, 864756, 47, '0.0', '0.0', '0.0', '47'),
(21, 7, '2013-11-05', 73, 564, 86756, 465, 74, 54, '99.0', 4, 564, 564, '0.0', '0.0', '0.0', '456'),
(22, 7, '2013-11-05', 74, 5641564, 56, 456, 4, 54, '99.0', 486, 1, 64, '0.0', '0.0', '0.0', '865'),
(23, 8, '2013-11-05', 70, 546546, 546546, 546546, 546546, 546546, '99.0', 546546, 546, 546546, '0.0', '0.0', '0.0', '546546'),
(24, 9, '2013-12-05', 5, 87987, 9879, 879, 879, 879, '99.0', 879879, 879, 879, '0.0', '0.0', '0.0', '879'),
(25, 9, '2013-12-05', 6, 879, 879, 879, 879, 879879, '99.0', 879, 879, 879, '0.0', '0.0', '0.0', '879'),
(26, 9, '2013-12-05', 7, 879879, 879, 879, 879879, 879, '99.0', 879879, 879, 879, '0.0', '0.0', '0.0', '879'),
(27, 10, '2013-11-06', 29, 546, 546, 456546, 546, 546, '99.0', 546, 546, 546, '0.0', '0.0', '0.0', '546546'),
(28, 10, '2013-11-06', 30, 546, 546546, 546, 546, 546, '99.0', 546, 546, 546, '0.0', '0.0', '0.0', '546546'),
(29, 10, '2013-11-06', 31, 546, 546546, 546, 546, 546, '99.0', 546, 546546, 546, '0.0', '0.0', '0.0', '546'),
(30, 10, '2013-11-06', 32, 546546, 546, 546, 546, 546546, '99.0', 546546, 546, 546, '0.0', '0.0', '0.0', '546'),
(31, 10, '2013-11-06', 33, 546546, 546, 546, 546, 546546, '99.0', 546, 546, 546, '0.0', '0.0', '0.0', '546'),
(32, 1, '2013-11-05', 55, 2222, 11, 1, 11, 11, '1.0', 11, 11, 11, '0.0', '0.0', '0.0', '11'),
(33, 1, '2013-11-05', 56, 2222, 11, 1, 11, 11, '1.0', 11, 11, 11, '0.0', '0.0', '0.0', '11'),
(34, 1, '2013-11-05', 55, 2222, 11, 1, 11, 11, '1.0', 11, 11, 11, '0.0', '0.0', '0.0', '11'),
(35, 1, '2013-11-05', 56, 2222, 11, 1, 11, 11, '1.0', 11, 11, 11, '0.0', '0.0', '0.0', '11'),
(36, 11, '2000-01-01', 55, 546, 546, 546546, 546, 546, '546.0', 546546, 546, 546, '0.0', '0.0', '0.0', '546'),
(37, 11, '2000-01-01', 56, 546, 546546, 4, 56546, 546, '546.0', 546, 546, 546, '0.0', '0.0', '0.0', '546'),
(38, 11, '2000-01-01', 55, 54611, 546, 546546, 546, 546, '99.0', 546, 546, 546, '0.0', '0.0', '0.0', '546546'),
(39, 11, '2000-01-01', 56, 546, 546, 5464, 56546, 546, '99.0', 546, 546, 546, '0.0', '0.0', '0.0', '546'),
(40, 11, '2000-01-01', 55, 54611, 546, 546546, 546, 546, '99.0', 546, 546, 546, '0.0', '0.0', '0.0', '546546'),
(41, 11, '2000-01-01', 56, 546, 546, 5464, 56546, 546, '99.0', 546, 546, 546, '0.0', '0.0', '0.0', '546'),
(42, 11, '2000-01-01', 55, 54611111, 546, 546546, 546, 546, '99.0', 546, 546, 546, '0.0', '0.0', '0.0', '546546'),
(43, 11, '2000-01-01', 56, 546, 546, 5464, 56546, 546, '99.0', 546, 546, 546, '0.0', '0.0', '0.0', '546'),
(44, 11, '2000-01-01', 55, 54611111, 546, 546546, 546, 546, '99.0', 546, 546, 546, '0.0', '0.0', '0.0', '546546'),
(45, 11, '2000-01-01', 56, 546, 546, 5464, 56546, 546, '99.0', 546, 546, 546, '0.0', '0.0', '0.0', '546'),
(46, 14, '2013-11-01', 45, 0, 0, 0, 0, 0, '0.0', 0, 0, 0, '0.0', '0.0', '0.0', ''),
(47, 14, '2013-11-01', 46, 932, 228, 201, 223, 392, '27.0', 0, 0, 0, '1.0', '1.0', '1.0', ''),
(48, 14, '2013-11-01', 47, 999, 248, 319, 438, 504, '26.0', 0, 0, 0, '3.0', '2.0', '2.0', ''),
(49, 14, '2013-11-01', 48, 633, 282, 191, 209, 441, '26.0', 0, 0, 0, '2.0', '2.0', '3.0', ''),
(50, 14, '2013-11-01', 49, 129, 0, 0, 0, 0, '28.0', 93, 93, 94, '0.0', '0.0', '0.0', ''),
(51, 17, '2013-11-22', 55, 54, 54, 54, 54, 54, '656.0', 54, 54, 5454, '0.0', '0.0', '0.0', '54'),
(52, 17, '2013-11-22', 56, 54, 54, 54, 54, 5454, '54.0', 54, 5454, 54, '0.0', '0.0', '0.0', '54'),
(53, 32, '2013-10-21', 55, 546, 546, 546546, 546, 546, '546.0', 546, 546, 546546, '0.0', '0.0', '0.0', '546546'),
(54, 32, '2013-10-21', 56, 546, 546, 546546, 546, 546, '999.9', 546, 546546, 546, '0.0', '0.0', '0.0', '546'),
(55, 33, '2012-11-22', 55, 54, 54, 54, 54, 54, '656.0', 54, 54, 5454, '0.0', '0.0', '0.0', '54'),
(56, 33, '2012-11-22', 56, 54, 54, 54, 54, 5454, '54.0', 54, 5454, 54, '0.0', '0.0', '0.0', '54'),
(57, 34, '2012-11-11', 55, 54, 54, 54, 54, 54, '656.0', 54, 54, 5454, '0.0', '0.0', '0.0', '54'),
(58, 34, '2012-11-11', 56, 54, 54, 54, 54, 5454, '54.0', 54, 5454, 54, '0.0', '0.0', '0.0', '54'),
(59, 35, '2013-11-22', 71, 0, 0, 0, 0, 0, '0.0', 0, 0, 0, '0.0', '0.0', '0.0', 'asdf'),
(60, 35, '2013-11-22', 72, 0, 0, 0, 0, 0, '0.0', 0, 0, 0, '0.0', '0.0', '0.0', 'asdf'),
(61, 35, '2013-11-22', 73, 0, 0, 0, 0, 0, '0.0', 0, 0, 0, '0.0', '0.0', '0.0', 'asdf'),
(62, 35, '2013-11-22', 74, 0, 0, 0, 0, 0, '0.0', 0, 0, 0, '0.0', '0.0', '0.0', 'asdf'),
(63, 13, '2013-11-12', 55, 564, 564, 564, 564, 564, '564.0', 56, 456, 45, '0.0', '0.0', '0.0', '564'),
(64, 13, '2013-11-12', 56, 6456, 46, 5465, 4, 564, '564.0', 564, 564, 564, '0.0', '0.0', '0.0', '564'),
(65, 12, '2000-01-01', 79, 54546, 546546, 456, 546, 546546, '999.9', 546546, 546, 546, '0.0', '0.0', '0.0', '546'),
(66, 12, '2000-01-01', 80, 546546, 456, 546546, 456546, 456, '546.0', 456, 546546, 546, '0.0', '0.0', '0.0', '546546'),
(67, 12, '2000-01-01', 81, 456, 546546, 546, 546546, 546, '546.0', 546, 546, 546546, '0.0', '0.0', '0.0', '546546'),
(68, 12, '2000-01-01', 82, 546, 546546, 5465, 546546, 546546, '999.9', 4546, 5454, 5465, '0.0', '0.0', '0.0', '546546'),
(69, 36, '2013-11-26', 79, 564, 51, 5614, 564, 21, '21.0', 512, 123, 456142, '0.0', '0.0', '0.0', '5314'),
(70, 36, '2013-11-26', 80, 1231, 514, 231, 3545, 546, '13.0', 23154, 514, 534, '0.0', '0.0', '0.0', '4561'),
(71, 36, '2013-11-26', 81, 5641, 23143, 435, 153, 453, '14.0', 53, 454, 645, '0.0', '0.0', '0.0', '514'),
(72, 36, '2013-11-26', 82, 45614, 654, 5, 46, 14564, '999.9', 564, 564, 5645, '0.0', '0.0', '0.0', '4'),
(73, 3, '2013-11-05', 87, 545, 64564564, 56456, 465, 654, '654.0', 0, 0, 0, '465.0', '456.0', '4.0', '6'),
(74, 3, '2013-11-05', 88, 564, 65, 465, 46, 546, '54.0', 564, 25, 1, '0.0', '0.0', '0.0', '654'),
(75, 3, '2013-11-05', 89, 231, 231, 231, 23, 123, '1.0', 231, 23, 123, '0.0', '0.0', '0.0', '231'),
(76, 3, '2013-11-05', 90, 1, 3, 12, 546, 4, '564.0', 54, 65, 46, '54.0', '6.0', '4.0', '654'),
(77, 37, '2013-12-17', 50, 123, 123, 123, 123, 123, '123.0', 123, 123, 123, '0.0', '0.0', '0.0', 'TEST'),
(78, 37, '2013-12-17', 51, 123, 123, 123, 123, 123, '123.0', 123, 123, 123, '0.0', '0.0', '0.0', 'TEST'),
(79, 37, '2013-12-17', 52, 123, 123, 123, 123, 123, '123.0', 123, 123, 123, '0.0', '0.0', '0.0', 'TEST'),
(80, 37, '2013-12-17', 53, 123, 123, 123, 1223, 123, '123.0', 123, 123, 123, '0.0', '0.0', '0.0', 'TEST'),
(81, 38, '2013-12-16', 50, 123, 123, 123, 123, 123, '123.0', 123, 123, 123, '0.0', '0.0', '0.0', 'TEST'),
(82, 38, '2013-12-16', 51, 123, 123, 123, 123, 123, '123.0', 123, 123, 123, '0.0', '0.0', '0.0', 'TEST'),
(83, 38, '2013-12-16', 52, 123, 123, 123, 123, 123, '123.0', 123, 123, 123, '0.0', '0.0', '0.0', 'TEST'),
(84, 38, '2013-12-16', 53, 123, 123, 123, 1223, 123, '123.0', 123, 123, 123, '0.0', '0.0', '0.0', 'TEST'),
(85, 39, '2013-12-17', 54, 123, 123, 123, 123, 123, '123.0', 123, 123, 123, '0.0', '0.0', '0.0', 'TEST'),
(86, 40, '2013-12-17', 62, 564, 564, 564, 564, 564, '564.0', 564, 56, 456, '0.0', '0.0', '0.0', 'TEST'),
(87, 40, '2013-12-17', 63, 456, 456, 456, 4, 564, '564.0', 564, 564, 564, '0.0', '0.0', '0.0', 'TEST'),
(88, 40, '2013-12-17', 64, 564, 564, 564, 564, 56, '456.0', 456, 456, 4, '0.0', '0.0', '0.0', 'TEST'),
(89, 40, '2013-12-17', 65, 564, 564, 564, 5, 56, '456.0', 654, 65, 564, '0.0', '0.0', '0.0', 'TEST'),
(90, 41, '2013-12-17', 45, 54, 546, 546546, 546, 546, '999.9', 0, 0, 0, '546.0', '546.0', '546.0', 'TEST'),
(91, 41, '2013-12-17', 46, 546, 546, 546, 546, 546, '999.9', 0, 0, 0, '546.0', '546.0', '546.0', 'TEST'),
(92, 41, '2013-12-17', 47, 546, 546, 546546, 546, 546, '546.0', 0, 0, 0, '546.0', '546.0', '546.0', 'TEST'),
(93, 41, '2013-12-17', 48, 546, 546, 546, 546, 546546, '546.0', 0, 0, 0, '546.0', '546.0', '999.9', 'TEST'),
(94, 41, '2013-12-17', 49, 546, 546, 546546, 546, 546, '546.0', 546, 546546, 546, '0.0', '0.0', '0.0', 'TEST'),
(95, 42, '2013-12-17', 19, 546546, 546, 546546, 546, 546, '546.0', 546, 546, 546, '0.0', '0.0', '0.0', '546'),
(96, 42, '2013-12-17', 20, 546, 546, 546, 546, 546, '546.0', 546, 546, 546546, '0.0', '0.0', '0.0', '546'),
(97, 42, '2013-12-17', 21, 546, 546, 546, 546, 546546, '546.0', 546, 546, 546, '0.0', '0.0', '0.0', '546'),
(98, 42, '2013-12-17', 22, 546, 546, 546546, 546, 546, '546.0', 546, 546, 546546, '0.0', '0.0', '0.0', '546546'),
(99, 42, '2013-12-17', 23, 546, 546, 546, 546, 546, '546.0', 546, 546, 546, '0.0', '0.0', '0.0', '546'),
(100, 43, '2013-12-17', 1, 213, 213, 213, 213213, 213, '213.0', 213, 213, 213, '0.0', '0.0', '0.0', '213'),
(101, 43, '2013-12-17', 2, 213, 213, 213123, 213, 213, '213.0', 213, 213, 21323, '0.0', '0.0', '0.0', '213'),
(102, 43, '2013-12-17', 3, 213, 213, 213213, 213, 213, '999.9', 213, 213, 213, '0.0', '0.0', '0.0', '213'),
(103, 43, '2013-12-17', 4, 213, 213, 213213, 213, 213, '213.0', 213213, 213, 213, '0.0', '0.0', '0.0', '213'),
(104, 44, '2013-12-14', 57, 213, 213213, 213, 213, 213, '213.0', 213, 213, 213, '0.0', '0.0', '0.0', '213'),
(105, 45, '2013-12-06', 66, 213, 213, 213213, 213, 213, '213.0', 213213, 213, 213, '0.0', '0.0', '0.0', '213'),
(106, 45, '2013-12-06', 67, 213, 213213, 213, 213, 213, '213.0', 21, 213, 213, '0.0', '0.0', '0.0', '21'),
(107, 45, '2013-12-06', 68, 213, 213213, 213, 213, 12, '213.0', 213, 213, 213, '0.0', '0.0', '0.0', '213213'),
(108, 45, '2013-12-06', 69, 213, 213, 213, 21, 213, '213.0', 213, 213, 213, '0.0', '0.0', '0.0', '213213'),
(109, 46, '2013-12-10', 75, 213, 213, 213, 213, 213, '213.0', 213, 213, 213, '0.0', '0.0', '0.0', '213'),
(110, 46, '2013-12-10', 76, 213, 213, 213, 213, 213, '999.9', 213, 213213, 213, '0.0', '0.0', '0.0', '213'),
(111, 46, '2013-12-10', 77, 213, 213, 213213, 213, 213, '213.0', 213, 213213, 213, '0.0', '0.0', '0.0', '213'),
(112, 46, '2013-12-10', 78, 213, 213213, 213213, 213213, 213213, '999.9', 213213, 2133, 213213, '0.0', '0.0', '0.0', '213213'),
(113, 47, '2013-11-17', 24, 213, 213, 213, 123, 213, '213.0', 0, 0, 0, '999.9', '213.0', '213.0', '213'),
(114, 47, '2013-11-17', 25, 213, 213, 213213, 213, 213, '213.0', 0, 0, 0, '213.0', '213.0', '213.0', '213123'),
(115, 47, '2013-11-17', 26, 213, 213213, 213, 213, 213, '213.0', 0, 0, 0, '213.0', '213.0', '213.0', '213'),
(116, 47, '2013-11-17', 27, 213, 213, 213, 213, 213, '213.0', 0, 0, 0, '999.9', '213.0', '213.0', '213213'),
(117, 48, '2013-12-04', 83, 213, 213, 213, 213, 213, '213.0', 213, 213213, 213, '0.0', '0.0', '0.0', '213'),
(118, 48, '2013-12-04', 84, 213, 213, 213, 213, 213, '213.0', 213, 213, 213, '0.0', '0.0', '0.0', '213'),
(119, 48, '2013-12-04', 85, 213, 213, 213, 213, 213213, '213.0', 213213, 213, 213213, '0.0', '0.0', '0.0', '213'),
(120, 48, '2013-12-04', 86, 213213, 213, 213, 213, 213213, '213.0', 213, 213, 213213, '0.0', '0.0', '0.0', '213'),
(121, 49, '2013-12-02', 43, 213, 213, 213213, 213, 213213, '213.0', 213, 213213, 213, '0.0', '0.0', '0.0', '213'),
(122, 49, '2013-12-02', 44, 213, 213, 213213, 213, 213, '213.0', 213, 213, 213, '0.0', '0.0', '0.0', '213'),
(123, 50, '2013-12-03', 39, 213, 213, 213, 213, 213, '999.9', 213, 21, 21, '213.0', '213.0', '213.0', '213'),
(124, 50, '2013-12-03', 40, 21, 213, 213, 213213, 123, '213.0', 213, 213, 213, '0.0', '0.0', '0.0', '213'),
(125, 50, '2013-12-03', 41, 213, 213, 213, 213, 213213, '213.0', 213, 213, 213213, '0.0', '0.0', '0.0', '123'),
(126, 50, '2013-12-03', 42, 13, 213, 213, 213, 213, '213.0', 213, 213, 213, '0.0', '0.0', '0.0', '213'),
(127, 51, '2013-12-17', 58, 546546, 546, 546, 546, 546, '999.9', 546, 546, 546, '546.0', '546.0', '546.0', '546'),
(128, 51, '2013-12-17', 59, 546, 546, 546, 546546, 546, '54.0', 5, 546, 546, '0.0', '0.0', '0.0', '546'),
(129, 51, '2013-12-17', 60, 546, 546, 546, 546, 546, '999.9', 546, 546, 546, '0.0', '0.0', '0.0', '546'),
(130, 51, '2013-12-17', 61, 546, 546546, 546, 546, 546, '546.0', 546546, 546, 546, '546.0', '546.0', '546.0', '546'),
(131, 52, '2013-12-17', 34, 546, 546546, 546, 546, 546, '999.9', 546, 546546, 546546, '0.0', '0.0', '0.0', '546'),
(132, 52, '2013-12-17', 35, 546546, 546546, 54656546, 546546, 546546, '999.9', 546546, 546, 546546, '0.0', '0.0', '0.0', '546'),
(133, 52, '2013-12-17', 36, 546, 546, 546, 546, 546546, '546.0', 546, 546546, 546, '0.0', '0.0', '0.0', '546'),
(134, 52, '2013-12-17', 37, 546, 546, 546, 546456, 546, '546.0', 546, 456, 5, '0.0', '0.0', '0.0', '546'),
(135, 52, '2013-12-17', 38, 546546, 546546, 546, 546, 546, '546.0', 546, 546546, 546, '0.0', '0.0', '0.0', '546'),
(136, 53, '2013-11-06', 70, 546546, 546546, 546546, 546546, 546546, '99.0', 546546, 546, 546546, '0.0', '0.0', '0.0', '546546'),
(137, 54, '2013-12-18', 79, 564, 51, 5614, 564, 21, '21.0', 512, 123, 456142, '0.0', '0.0', '0.0', '5314'),
(138, 54, '2013-12-18', 80, 1231, 514, 231, 3545, 546, '13.0', 23154, 514, 534, '0.0', '0.0', '0.0', '4561'),
(139, 54, '2013-12-18', 81, 5641, 23143, 435, 153, 453, '14.0', 53, 454, 645, '0.0', '0.0', '0.0', '514'),
(140, 54, '2013-12-18', 82, 45614, 654, 5, 46, 14564, '999.9', 564, 564, 5645, '0.0', '0.0', '0.0', '4'),
(141, 55, '2013-12-17', 79, 564, 51, 5614, 564, 21, '21.0', 512, 123, 456142, '0.0', '0.0', '0.0', '5314'),
(142, 55, '2013-12-17', 80, 1231, 514, 231, 3545, 546, '13.0', 23154, 514, 534, '0.0', '0.0', '0.0', '4561'),
(143, 55, '2013-12-17', 81, 5641, 23143, 435, 153, 453, '14.0', 53, 454, 645, '0.0', '0.0', '0.0', '514'),
(144, 55, '2013-12-17', 82, 45614, 654, 5, 46, 14564, '999.9', 564, 564, 5645, '0.0', '0.0', '0.0', '4'),
(145, 9, '2013-12-05', 5, 87987, 9879, 879, 879, 879, '99.0', 879879, 879, 879, '0.0', '0.0', '0.0', '879'),
(146, 9, '2013-12-05', 6, 879, 879, 879, 879, 879879, '99.0', 879, 879, 879, '0.0', '0.0', '0.0', '879'),
(147, 9, '2013-12-05', 7, 879879, 879, 879, 879879, 879, '99.0', 879879, 879, 879, '0.0', '0.0', '0.0', '879'),
(148, 10, '2013-12-05', 29, 0, 0, 0, 0, 0, '0.0', 0, 0, 0, '0.0', '0.0', '0.0', ''),
(149, 10, '2013-12-05', 30, 0, 0, 0, 0, 0, '0.0', 0, 0, 0, '0.0', '0.0', '0.0', ''),
(150, 10, '2013-12-05', 31, 0, 0, 0, 0, 0, '0.0', 0, 0, 0, '0.0', '0.0', '0.0', ''),
(151, 10, '2013-12-05', 32, 0, 0, 0, 0, 0, '0.0', 0, 0, 0, '0.0', '0.0', '0.0', ''),
(152, 10, '2013-12-05', 33, 0, 0, 0, 0, 0, '0.0', 0, 0, 0, '0.0', '0.0', '0.0', ''),
(153, 10, '2013-12-05', 29, 0, 0, 0, 0, 0, '0.0', 0, 0, 0, '0.0', '0.0', '0.0', ''),
(154, 10, '2013-12-05', 30, 0, 0, 0, 0, 0, '0.0', 0, 0, 0, '0.0', '0.0', '0.0', ''),
(155, 10, '2013-12-05', 31, 0, 0, 0, 0, 0, '0.0', 0, 0, 0, '0.0', '0.0', '0.0', ''),
(156, 10, '2013-12-05', 32, 0, 0, 0, 0, 0, '0.0', 0, 0, 0, '0.0', '0.0', '0.0', ''),
(157, 10, '2013-12-05', 33, 0, 0, 0, 0, 0, '0.0', 0, 0, 0, '0.0', '0.0', '0.0', ''),
(158, 10, '2013-12-05', 29, 0, 0, 0, 0, 0, '0.0', 0, 0, 0, '0.0', '0.0', '0.0', ''),
(159, 10, '2013-12-05', 30, 0, 0, 0, 0, 0, '0.0', 0, 0, 0, '0.0', '0.0', '0.0', ''),
(160, 10, '2013-12-05', 31, 0, 0, 0, 0, 0, '0.0', 0, 0, 0, '0.0', '0.0', '0.0', ''),
(161, 10, '2013-12-05', 32, 0, 0, 0, 0, 0, '0.0', 0, 0, 0, '0.0', '0.0', '0.0', ''),
(162, 10, '2013-12-05', 33, 0, 0, 0, 0, 0, '0.0', 0, 0, 0, '0.0', '0.0', '0.0', ''),
(163, 9, '2013-12-05', 5, 0, 0, 0, 0, 0, '0.0', 0, 0, 0, '0.0', '0.0', '0.0', ''),
(164, 9, '2013-12-05', 6, 0, 0, 0, 0, 0, '0.0', 0, 0, 0, '0.0', '0.0', '0.0', ''),
(165, 9, '2013-12-05', 7, 0, 0, 0, 0, 0, '0.0', 0, 0, 0, '0.0', '0.0', '0.0', '');

-- --------------------------------------------------------

--
-- Table structure for table `station_read`
--

CREATE TABLE IF NOT EXISTS `station_read` (
  `station_read_id` int(11) NOT NULL AUTO_INCREMENT,
  `read_date` date NOT NULL,
  `station_id` int(11) NOT NULL,
  PRIMARY KEY (`station_read_id`),
  UNIQUE KEY `station_read_id_UNIQUE` (`station_read_id`),
  KEY `fk_srsid_station_id_idx` (`station_id`)
) ENGINE=InnoDB  DEFAULT CHARSET=latin1 AUTO_INCREMENT=56 ;

--
-- Dumping data for table `station_read`
--

INSERT INTO `station_read` (`station_read_id`, `read_date`, `station_id`) VALUES
(1, '2013-11-05', 15),
(3, '2013-11-05', 7),
(4, '2013-11-05', 23),
(5, '2013-11-05', 4),
(6, '2013-11-05', 3),
(7, '2013-11-05', 21),
(8, '2013-11-05', 20),
(9, '2013-12-05', 2),
(10, '2013-12-05', 8),
(11, '2000-01-01', 15),
(12, '2000-01-01', 23),
(13, '2013-11-12', 15),
(14, '2013-11-01', 12),
(15, '0000-00-00', 15),
(16, '0000-00-00', 15),
(17, '2013-11-22', 15),
(18, '0000-00-00', 15),
(19, '0000-00-00', 15),
(20, '0000-00-00', 15),
(21, '0000-00-00', 15),
(22, '0000-00-00', 15),
(23, '0000-00-00', 15),
(24, '0000-00-00', 15),
(25, '0000-00-00', 15),
(26, '0000-00-00', 15),
(27, '0000-00-00', 15),
(28, '0000-00-00', 15),
(29, '0000-00-00', 15),
(30, '0000-00-00', 15),
(31, '0000-00-00', 15),
(32, '2013-10-21', 15),
(33, '2012-11-22', 15),
(34, '2012-11-11', 15),
(35, '2013-11-22', 21),
(36, '2013-11-26', 23),
(37, '2013-12-17', 13),
(38, '2013-12-16', 13),
(39, '2013-12-17', 14),
(40, '2013-12-17', 18),
(41, '2013-12-17', 12),
(42, '2013-12-17', 5),
(43, '2013-12-17', 1),
(44, '2013-12-14', 16),
(45, '2013-12-06', 19),
(46, '2013-12-10', 22),
(47, '2013-11-17', 6),
(48, '2013-12-04', 24),
(49, '2013-12-02', 11),
(50, '2013-12-03', 10),
(51, '2013-12-17', 17),
(52, '2013-12-17', 9),
(53, '2013-11-06', 20),
(54, '2013-12-18', 23),
(55, '2013-12-17', 23);

-- --------------------------------------------------------

--
-- Table structure for table `station_regulator`
--

CREATE TABLE IF NOT EXISTS `station_regulator` (
  `regulator_id` int(11) NOT NULL AUTO_INCREMENT,
  `regulator_station_id` int(11) NOT NULL,
  `regulator_name` varchar(45) DEFAULT NULL,
  `regulator_amp_header` int(11) NOT NULL,
  PRIMARY KEY (`regulator_id`),
  UNIQUE KEY `regulator_id_UNIQUE` (`regulator_id`),
  KEY `fk_rsid_station_id_idx` (`regulator_station_id`)
) ENGINE=InnoDB  DEFAULT CHARSET=latin1 AUTO_INCREMENT=29 ;

--
-- Dumping data for table `station_regulator`
--

INSERT INTO `station_regulator` (`regulator_id`, `regulator_station_id`, `regulator_name`, `regulator_amp_header`) VALUES
(1, 1, NULL, 875),
(2, 2, NULL, 578),
(3, 3, 'C081', 328),
(4, 3, 'C082', 219),
(5, 3, 'C083', 100),
(6, 3, 'C084', 219),
(7, 3, 'C085', 328),
(8, 4, NULL, 875),
(9, 5, NULL, 548),
(10, 6, NULL, 875),
(11, 8, NULL, 875),
(12, 9, NULL, 1093),
(13, 10, NULL, 875),
(14, 11, NULL, 437),
(15, 12, 'C026', 300),
(16, 13, NULL, 875),
(17, 14, NULL, 328),
(18, 15, NULL, 546),
(19, 16, NULL, 328),
(20, 17, NULL, 875),
(21, 18, NULL, 1093),
(22, 19, NULL, 300),
(23, 20, NULL, 328),
(24, 21, NULL, 578),
(25, 22, NULL, 546),
(26, 23, NULL, 875),
(27, 24, NULL, 578),
(28, 7, NULL, 875);

-- --------------------------------------------------------

--
-- Table structure for table `station_regulator_read`
--

CREATE TABLE IF NOT EXISTS `station_regulator_read` (
  `regulator_read_id` int(11) NOT NULL AUTO_INCREMENT,
  `read_id` int(11) NOT NULL,
  `regulator_id` int(11) NOT NULL,
  `read_date` date NOT NULL,
  `a_count` int(11) DEFAULT NULL,
  `a_raise` varchar(45) DEFAULT NULL,
  `a_lower` varchar(45) DEFAULT NULL,
  `a_amp` int(11) DEFAULT NULL,
  `a_high_voltage` int(11) DEFAULT NULL,
  `a_low_voltage` int(11) DEFAULT NULL,
  `a_comments` varchar(255) DEFAULT NULL,
  `b_count` int(11) DEFAULT NULL,
  `b_raise` varchar(45) DEFAULT NULL,
  `b_lower` varchar(45) DEFAULT NULL,
  `b_amp` int(11) DEFAULT NULL,
  `b_high_voltage` int(11) DEFAULT NULL,
  `b_low_voltage` int(11) DEFAULT NULL,
  `b_comments` varchar(255) DEFAULT NULL,
  `c_count` int(11) DEFAULT NULL,
  `c_raise` varchar(45) DEFAULT NULL,
  `c_lower` varchar(45) DEFAULT NULL,
  `c_amp` int(11) DEFAULT NULL,
  `c_high_voltage` int(11) DEFAULT NULL,
  `c_low_voltage` int(11) DEFAULT NULL,
  `c_comments` varchar(255) DEFAULT NULL,
  PRIMARY KEY (`regulator_read_id`),
  UNIQUE KEY `regulator_read_id_UNIQUE` (`regulator_read_id`),
  KEY `fk_rid_regulator_id_idx` (`regulator_id`),
  KEY `fk_rrd_regulator_read_date_idx` (`read_date`),
  KEY `fk_rrid_regulator_read_id_idx` (`read_id`)
) ENGINE=InnoDB  DEFAULT CHARSET=latin1 AUTO_INCREMENT=65 ;

--
-- Dumping data for table `station_regulator_read`
--

INSERT INTO `station_regulator_read` (`regulator_read_id`, `read_id`, `regulator_id`, `read_date`, `a_count`, `a_raise`, `a_lower`, `a_amp`, `a_high_voltage`, `a_low_voltage`, `a_comments`, `b_count`, `b_raise`, `b_lower`, `b_amp`, `b_high_voltage`, `b_low_voltage`, `b_comments`, `c_count`, `c_raise`, `c_lower`, `c_amp`, `c_high_voltage`, `c_low_voltage`, `c_comments`) VALUES
(1, 1, 18, '2013-11-05', 3333, '1', '1', 1, 11, 1, '1', 1, '1', '1', 1, 1, 1, '1', 1, '11', '11', 1, 11, 11, '1'),
(2, 4, 26, '2013-11-05', 45, '456', '456', 464, 64, 546, '454', 54, '546', '54', 546, 546, 54654, '54', 546, '546', '546', 546546, 546, 546, '546'),
(3, 5, 8, '2013-11-05', 564, '56456', '456', 4564, 564, 564, '56456', 456, '456', '465', 456, 456, 46, '54', 564, '564', '564', 564, 564, 564, '56'),
(4, 6, 3, '2013-11-05', 45, '4', '564', 54, 45, 46, '456', 456, '456', '4', 564, 564, 654, '564', 56, '456', '456', 4, 56456456, 456, '465'),
(5, 6, 4, '2013-11-05', 456, '456', '4', 564, 564, 654, '56', 456, '456', '456', 456, 456, 465, '456', 456, '456', '4', 564, 564, 564, '564'),
(6, 6, 5, '2013-11-05', 564, '564', '56', 456, 4, 564, '564', 564, '56', '456', 456, 456, 4, '564', 564, '564', '56', 456, 4, 564, '564'),
(7, 6, 6, '2013-11-05', 56, '456', '456', 4, 564, 564, '56', 456, '456', '4', 564, 564, 65, '456', 456, '4', '564', 564, 56, 456, '4'),
(8, 6, 7, '2013-11-05', 564, '564', '56', 465, 4, 564, '564', 564, '56', '456', 456, 4, 654, '654', 654, '56', '456', 4, 654, 65, '456'),
(9, 7, 24, '2013-11-05', 7, '897', '89789', 789, 789, 789, '789', 7, '897', '897', 897, 897, 897, '897', 897, '897', '897', 897, 89, 789, '789'),
(10, 8, 23, '2013-11-05', 844, '56456', '4564', 5646, 54, 564, '564', 564, '564', '564', 56546, 546, 546546, '546', 546, '546546', '546', 546, 546546, 546546, '546546'),
(11, 9, 2, '2013-12-05', 87, '897', '897', 897, 897, 897, '879', 879879, '879', '879', 879879, 879, 879, '879', 879879, '879', '879', 879, 879879, 879, '879'),
(12, 10, 11, '2013-11-06', 5, '456', '4564', 654, 564, 564, '564', 564, '6546', '546', 546546, 546, 546, '546546', 546, '546', '546', 546, 546546, 546, '546'),
(13, 1, 18, '2013-11-05', 3333, '1', '1', 1, 11, 1, '1', 1, '1', '1', 1, 1, 1, '1', 1, '11', '11', 1, 11, 11, '1'),
(14, 11, 18, '2000-01-01', 544, '5456', '56', 456456, 65, 546546, '546', 546546, '546', '546', 546546, 546, 546, '546546', 546, '546', '546546', 546, 546, 546546, '546'),
(15, 14, 15, '2013-11-01', 28219, 'L6', '11', 96, 123, 122, '', 28146, 'L6', '11', 95, 123, 121, '', 28823, 'L6', '10', 95, 123, 122, ''),
(18, 17, 18, '2013-11-22', 5, '545', '5454', 54, 5454, 54, '5454', 5454, '54', '54', 5454, 54, 54, '54', 54, '54', '54', 5454, 54, 54, '54'),
(33, 32, 18, '2013-10-21', 5, '564', '56', 56546, 546, 546546, '546', 5454, '546', '546546', 546, 546, 546, '546546', 546, '546', '546', 546, 546, 546546, '546'),
(34, 33, 18, '2012-11-22', 5, '545', '5454', 54, 5454, 54, '5454', 5454, '54', '54', 5454, 54, 54, '54', 54, '54', '54', 5454, 54, 54, '54'),
(35, 34, 18, '2012-11-11', 5, '545', '5454', 54, 5454, 54, '5454', 5454, '54', '54', 5454, 54, 54, '54', 54, '54', '54', 5454, 54, 54, '54'),
(36, 35, 24, '2013-11-22', 0, '', '', 0, 0, 0, 'asdf', 0, '', '', 0, 0, 0, 'asdf', 0, '', '', 0, 0, 0, 'asdf'),
(37, 13, 18, '2013-11-12', 54564, '564', '654', 5646, 54, 65456, '4', 564, '564', '564', 564, 564, 564, '654', 564, '564', '564', 56, 456, 4, '564'),
(38, 12, 26, '2000-01-01', 4, '564', '5646', 5456, 4, 654, '564', 654, '564', '564', 56, 456, 456, '46', 4, '5454', '546546', 546, 546546, 5454, '54'),
(39, 36, 26, '2013-11-26', 54645, '65', '5464', 6456, 456, 4564, '5646', 54543, '546546', '546', 54654, 6546, 546, '546546', 546, '546', '45', 3, 1584, 64, '541'),
(40, 3, 28, '2013-11-05', 4564, '654', '5646', 54, 56546, 546, '546546', 54, '6546', '546', 546, 546546, 54, '54', 546546, '546', '546', 546546, 546546, 546, '546546'),
(41, 37, 16, '2013-12-17', 123, '123', '123', 123, 123, 123, 'TEST', 123, '123', '123', 123, 123, 123, 'TEST', 123, '123', '123', 123, 123, 123, 'TEST'),
(42, 38, 16, '2013-12-16', 123, '123', '123', 123, 123, 123, 'TESTTEST', 123, '123', '123', 123, 123, 123, 'TEST', 123, '123', '123', 123, 123, 123, 'TEST'),
(43, 39, 17, '2013-12-17', 123, '123', '123', 123, 123, 123, 'TEST', 123, '123', '123', 123, 123, 123, 'TEST', 123, '123', '123', 123, 123, 123, 'TEST'),
(44, 40, 21, '2013-12-17', 123, '123', '123', 123, 54, 56, 'TEST', 564, '56', '456', 4564, 65, 4564, 'TEST', 564, '564', '56', 456, 456, 45, 'TEST'),
(45, 41, 15, '2013-12-17', 5, '456', '456', 546, 546, 546546, 'TEST', 546, '546', '546546', 546, 546, 546546, 'TEST', 546, '546', '546', 546, 546546, 546, 'TEST'),
(46, 42, 9, '2013-12-17', 564, '56', '464', 546546, 546, 546546, '546', 546, '546546', '546', 546, 546, 546, '546546', 546546, '546546', '546546', 54654, 546546, 546546, '546546'),
(47, 43, 1, '2013-12-17', 213, '213', '213', 213, 213, 213, '213213', 213, '213', '213', 213, 213, 213213, '213', 213, '213', '213', 213, 213, 213, '213'),
(48, 44, 19, '2013-12-14', 12, '213', '213', 213, 213, 213213, '213', 213, '213', '213', 213, 213, 213213, '213', 213213, '213213', '213213', 213, 213213, 213213, '213'),
(49, 45, 22, '2013-12-06', 21213, '213', '213', 213, 213213, 213, '213', 213213, '213', '213213', 213, 213, 213213, '213213', 213, '213213', '213', 213, 213, 213, '213213'),
(50, 46, 25, '2013-12-10', 213, '213', '213', 213213, 213, 213, '213', 213, '213', '213', 213, 213, 213213, '213', 213, '213', '213', 213, 213, 213, '213213'),
(51, 47, 10, '2013-11-17', 21213, '213213', '213', 213213, 213, 213213, '213', 213, '213', '213213', 213, 213, 213213, '213', 213, '213', '213', 213, 213, 213213, '213'),
(52, 48, 27, '2013-12-04', 213, '213', '213213', 213, 213, 213213, '213213', 213213, '213213', '213213', 213213, 213, 213213, '213', 213, '213', '213213', 213, 213, 213, '213'),
(53, 49, 14, '2013-12-02', 123, '213', '213213', 213, 21, 213213, '213213', 213, '213', '213213', 213, 213213, 213, '213', 213213, '213', '213', 213, 213, 213213, '213'),
(54, 50, 13, '2013-12-03', 23, '213', '213', 213, 213213, 213, '123', 213, '21', '213', 213, 213, 213, '213', 213, '213', '213', 213213, 213, 21, '21'),
(55, 51, 20, '2013-12-17', 46, '546', '546', 546, 546546, 546, '546', 546, '546546', '546', 546, 546, 546, '546', 546546, '546', '546', 546, 546, 546, '546'),
(56, 52, 12, '2013-12-17', 456, '546', '546', 546, 546, 546, '546546', 546, '546', '546546', 546, 546, 546, '546546', 546, '546', '546546', 546, 546, 546, '546'),
(57, 53, 23, '2013-11-06', 844, '56456', '4564', 5646, 54, 564, '564', 564, '564', '564', 56546, 546, 546546, '546', 546, '546546', '546', 546, 546546, 546546, '546546'),
(58, 54, 26, '2013-12-18', 54645, '65', '5464', 6456, 456, 4564, '5646', 54543, '546546', '546', 54654, 6546, 546, '546546', 546, '546', '45', 3, 1584, 64, '541'),
(59, 55, 26, '2013-12-17', 54645, '65', '5464', 6456, 456, 4564, '5646', 54543, '546546', '546', 54654, 6546, 546, '546546', 546, '546', '45', 3, 1584, 64, '541'),
(60, 9, 2, '2013-12-05', 87, '897', '897', 897, 897, 897, '879', 879879, '879', '879', 879879, 879, 879, '879', 879879, '879', '879', 879, 879879, 879, '879'),
(61, 10, 11, '2013-12-05', 0, '', '', 0, 0, 0, '', 0, '', '', 0, 0, 0, '', 0, '', '', 0, 0, 0, ''),
(62, 10, 11, '2013-12-05', 0, '', '', 0, 0, 0, '', 0, '', '', 0, 0, 0, '', 0, '', '', 0, 0, 0, ''),
(63, 10, 11, '2013-12-05', 0, '', '', 0, 0, 0, '', 0, '', '', 0, 0, 0, '', 0, '', '', 0, 0, 0, ''),
(64, 9, 2, '2013-12-05', 0, '', '', 0, 0, 0, '', 0, '', '', 0, 0, 0, '', 0, '', '', 0, 0, 0, '');

-- --------------------------------------------------------

--
-- Table structure for table `station_users`
--

CREATE TABLE IF NOT EXISTS `station_users` (
  `user_id` int(11) NOT NULL AUTO_INCREMENT,
  `user_name` varchar(32) NOT NULL,
  `password` varchar(32) NOT NULL,
  PRIMARY KEY (`user_id`),
  UNIQUE KEY `user_id_UNIQUE` (`user_id`),
  UNIQUE KEY `user_name_UNIQUE` (`user_name`)
) ENGINE=InnoDB  DEFAULT CHARSET=latin1 AUTO_INCREMENT=17 ;

--
-- Dumping data for table `station_users`
--

INSERT INTO `station_users` (`user_id`, `user_name`, `password`) VALUES
(1, 'testuser', '85064efb60a9601805dcea56ec5402f7'),
(2, 'usertest', 'b717415eb5e699e4989ef3e2c4e9cbf7'),
(3, 'testadmin', '66d4aaa5ea177ac32c69946de3731ec0'),
(4, 'cemc', 'bc0efc116e7b65972e68dc77674e342a'),
(11, 'dgilpin', '161ebd7d45089b3446ee4e0d86dbcf92'),
(12, 'cstephens', '161ebd7d45089b3446ee4e0d86dbcf92'),
(13, 'grogers', '161ebd7d45089b3446ee4e0d86dbcf92'),
(14, 'agreen', '161ebd7d45089b3446ee4e0d86dbcf92'),
(15, 'dmoore', '161ebd7d45089b3446ee4e0d86dbcf92'),
(16, 'jlayton', '161ebd7d45089b3446ee4e0d86dbcf92');

--
-- Constraints for dumped tables
--

--
-- Constraints for table `station_breaker`
--
ALTER TABLE `station_breaker`
  ADD CONSTRAINT `fk_bsid_station_id` FOREIGN KEY (`breaker_station_id`) REFERENCES `station` (`station_id`) ON DELETE CASCADE ON UPDATE CASCADE;

--
-- Constraints for table `station_breaker_read`
--
ALTER TABLE `station_breaker_read`
  ADD CONSTRAINT `fk_bid_breaker_id` FOREIGN KEY (`breaker_id`) REFERENCES `station_breaker` (`breaker_id`) ON DELETE CASCADE ON UPDATE CASCADE,
  ADD CONSTRAINT `fk_brid_breaker_read_id` FOREIGN KEY (`read_id`) REFERENCES `station_read` (`station_read_id`) ON DELETE CASCADE ON UPDATE CASCADE;

--
-- Constraints for table `station_read`
--
ALTER TABLE `station_read`
  ADD CONSTRAINT `fk_srsid_station_id` FOREIGN KEY (`station_id`) REFERENCES `station` (`station_id`) ON DELETE CASCADE ON UPDATE CASCADE;

--
-- Constraints for table `station_regulator`
--
ALTER TABLE `station_regulator`
  ADD CONSTRAINT `fk_rsid_station_id` FOREIGN KEY (`regulator_station_id`) REFERENCES `station` (`station_id`) ON DELETE CASCADE ON UPDATE CASCADE;

--
-- Constraints for table `station_regulator_read`
--
ALTER TABLE `station_regulator_read`
  ADD CONSTRAINT `fk_rid_regulator_id` FOREIGN KEY (`regulator_id`) REFERENCES `station_regulator` (`regulator_id`) ON DELETE CASCADE ON UPDATE CASCADE,
  ADD CONSTRAINT `fk_rrid_regulator_read_id` FOREIGN KEY (`read_id`) REFERENCES `station_read` (`station_read_id`) ON DELETE CASCADE ON UPDATE CASCADE;

/*!40101 SET CHARACTER_SET_CLIENT=@OLD_CHARACTER_SET_CLIENT */;
/*!40101 SET CHARACTER_SET_RESULTS=@OLD_CHARACTER_SET_RESULTS */;
/*!40101 SET COLLATION_CONNECTION=@OLD_COLLATION_CONNECTION */;
